"slug","category","chapter","question_type","title","answer","explanation","difficulty"
"souron-1-001","souron","1","fill_blank","不動産のあり方とは？","不動産のあり方は、自然的、社会的、経済的及び行政的な要因の相互作用によって決定されるとともに経済価値の本質を決定づけている。一方、この不動産のあり方は、その不動産の経済価値を具体的に表している価格を選択の主要な指標として決定されている。","","2"
"souron-1-002","souron","1","fill_blank","不動産の価格とは？","不動産の価格は、一般に、
（１）その不動産に対してわれわれが認める効用
（２）その不動産の相対的稀少性
（３）その不動産に対する有効需要
の三者の相関結合によって生ずる不動産の経済価値を、貨幣額をもって表示したものである。","","4"
"souron-1-003","souron","1","fill_blank","不動産の経済価値はどのように決定されるか？","この不動産の経済価値は、基本的には（１）その不動産に対してわれわれが認める効用（２）その不動産の相対的稀少性（３）その不動産に対する有効需要の【「これら」でも可】三者を動かす自然的、社会的、経済的及び行政的な要因の相互作用によって決定される。不動産の価格とこれらの要因との関係は、不動産の価格が、これらの要因の影響の下にあると同時に選択指標としてこれらの要因に影響を与えるという二面性を持つものである。","","4"
"souron-1-004","souron","1","fill_blank","土地は他の一般の諸財と異なってどのような特性を持っているか？","不動産が国民の生活と活動に組み込まれどのように貢献しているかは具体的な価格として現れるものであるが、土地は他の一般の諸財と異なって次のような特性を持っている。
（１）自然的特性として、地理的位置の固定性、不動性（非移動性）、永続性（不変性）、不増性、個別性（非同質性、非代替性）等を有し、固定的であって硬直的である。
（２）人文的特性として、用途の多様性（用途の競合、転換及び併存の可能性）、併合及び分割の可能性、社会的及び経済的位置の可変性等を有し、可変的であって伸縮的である。","","4"
"souron-1-005","souron","1","fill_blank","不動産の地域性とは？","不動産は、また、その自然的条件及び人文的条件の全部又は一部を共通にすることによって、他の不動産とともにある地域を構成し、その地域の構成分子としてその地域との間に、依存、補完等の関係に及びその地域内の他の構成分子である不動産との間に協働、代替、競争等の関係にたち、これらの関係を通じてその社会的及び経済的な有用性を発揮するものである。","","4"
"souron-1-006","souron","1","fill_blank","不動産の地域の特性とは？","このような地域には、その規模、構成の内容、機能等に従って各種のものが認められるが、そのいずれもが、不動産の集合という意味において、個別の不動産の場合と同様に、特定の自然的条件及び人文的条件との関係を前提とする利用のあり方の同一性を基準として理解されるものであって、他の地域と区別されるべき特性をそれぞれ有するとともに、他の地域との間に相互関係にたち、この相互関係を通じて、その社会的及び経済的位置を占めるものである。","","4"
"souron-1-007","souron","1","fill_blank","不動産の経済価値はどのように表示され、それらの間にどのような関係が認められるか？","不動産の経済価値は、一般に、交換の対価である価格として表示されるとともに、その用益の対価である賃料として表示される。そして、この価格と賃料との間には、いわゆる元本と果実との間に認められる相関関係を認めることができる。","","4"
"souron-1-008","souron","1","fill_blank","不動産の価格及び権利利益について述べよ","不動産の価格（又は賃料）は、その不動産に関する所有権、賃借権等の権利の対価又は経済的利益の対価であり、また、二つ以上の権利利益が同一の不動産の上に存する場合には、それぞれの権利利益について、その価格（又は賃料）が形成され得る。","","4"
"souron-1-009","souron","1","fill_blank","不動産の属する地域について変化の過程を踏まえて述べよ","不動産の属する地域は固定的なものではなくて、常に拡大縮小、集中拡散、発展衰退等の変化の過程にあるものであるから、不動産の利用形態が最適なものであるかどうか、仮に現在最適なものであっても、時の経過に伴ってこれを持続できるかどうか、これらは常に検討されなければならない。したがって、不動産の価格（又は賃料）は、通常、過去と将来とにわたる長期的な考慮の下に形成される。今日の価格（又は賃料）は、昨日の展開であり、明日を反映するものであって常に変化の過程にあるものである。","","4"
"souron-1-010","souron","1","fill_blank","不動産の現実の取引価格等について述べよ","不動産の現実の取引価格等は、取引等の必要に応じて個別的に形成されるのが通常であり、しかもそれは個別的な事情に左右されがちのものであって、このような取引価格等から不動産の適正な価格を見出すことは一般の人には非常に困難である。したがって、不動産の適正な価格については専門家としての不動産鑑定士の鑑定評価活動が必要となるものである。","","4"
"souron-1-011","souron","1","fill_blank","総論1章における不動産の鑑定評価の定義を6点述べよ","不動産の鑑定評価は、その対象である不動産の経済価値を判定し、これを貨幣額をもって表示することである。それは、この社会における一連の価格秩序の中で、その不動産の価格及び賃料がどのような所に位するかを指摘することであって、
（１）鑑定評価の対象となる不動産の的確な認識の上に、
（２）必要とする関連資料を十分に収集して、これを整理し、
（３）不動産の価格を形成する要因及び不動産の価格に関する諸原則についての十分な理解のもとに、
（４）鑑定評価の手法を駆使して、その間に、
（５）既に収集し、整理されている関連諸資料を具体的に分析して、対象不動産に及ぼす自然的、社会的、経済的及び行政的な要因の影響を判断し、
（６）対象不動産の経済価値に関する最終判断に到達し、これを貨幣額をもって表示するものである。","","4"
"souron-1-012","souron","1","fill_blank","不動産鑑定士の遵守事項を5点述べよ","不動産鑑定士は、さらに次に述べる事項を遵守して資質の向上に努めなければならない。
（１）高度な知識と豊富な経験と的確な判断力とが有機的に統一されて、初めて的確な鑑定評価が可能となるのであるから、不断の勉強と研鑚とによってこれを体得し、鑑定評価の進歩改善に努力すること。
（２）依頼者に対して鑑定評価の結果を分かり易く誠実に説明を行い得るようにするとともに、社会一般に対して、実践活動をもって、不動産の鑑定評価及びその制度に関する理解を深めることにより、不動産の鑑定評価に対する信頼を高めるよう努めること。
（３）不動産の鑑定評価に当たっては、自己又は関係人の利害の有無その他いかなる理由にかかわらず、公平妥当な態度を保持すること。
（４）不動産の鑑定評価に当たっては、専門職業家としての注意を払わなければならないこと。
（５）自己の能力の限度を超えていると思われる不動産の鑑定評価を引き受け、又は縁故若しくは特別の利害関係を有する場合等、公平な鑑定評価を害する恐れのあるときは、原則として不動産の鑑定評価を引き受けてはならないこと。","","2"
"souron-2-001","souron","2","fill_blank","不動産の種類とは？","不動産の種類とは、不動産の種別及び類型の二面から成る複合的な不動産の概念を示すものであり、この不動産の種別及び類型が不動産の経済価値を本質的に決定づけるものであるから、この両面の分析をまって初めて精度の高い不動産の鑑定評価が可能となるものである。","","4"
"souron-2-002","souron","2","fill_blank","不動産の種別及び類型とは？","不動産の種別とは、不動産の用途に関して区分される不動産の分類をいい、不動産の類型とは、その有形的利用及び権利関係の態様に応じて区分される不動産の分類をいう。","","4"
"souron-2-003","souron","2","fill_blank","宅地地域とは？","宅地地域とは、居住、商業活動、工業生産活動等の用に供される建物、構築物等の敷地の用に供されることが、自然的、社会的、経済的及び行政的観点からみて合理的と判断される地域をいい、住宅地域、商業地域、工業地域等に細分される。さらに住宅地域、商業地域、工業地域等については、その規模、構成の内容、機能等に応じた細分化が考えられる。","","4"
"souron-2-004","souron","2","fill_blank","転換しつつある地域及び移行しつつある地域について述べよ","宅地地域、農地地域、林地地域等の相互間において、ある種別の地域から他の種別の地域へと転換しつつある地域及び宅地地域、農地地域等のうちにあって、細分されたある種別の地域から、その地域の他の細分された地域へと移行しつつある地域があることに留意すべきである。","","4"
"souron-2-005","souron","2","fill_blank","住宅地域の細分類4種と商業地域の細分類5種を述べよ","【住宅地域の細分類　４種】
優良住宅地域　②準優良住宅地域　③普通・混在住宅地域　④農家集落住宅地域
【商業地域の細分類　５種】
①高度商業地域　②準高度商業地域　③普通商業地域　④近隣商業地域　⑤郊外路線商業地域","","2"
"souron-2-006","souron","2","fill_blank","優良住宅地域とは？","敷地が広く、街区及び画地が整然とし、植生と眺望、景観等が優れ、建築の施工の質の高い建物が連たんし、良好な近隣環境を形成する等居住環境の極めて良好な地域であり、従来から名声の高い住宅地域","","2"
"souron-2-007","souron","2","fill_blank","普通・混在住宅地域とは？","比較的狭小な戸建住宅及び共同住宅が密集する住宅地域又は住宅を主として店舗、事務所、小工場等が混在する住宅地域","","2"
"souron-2-008","souron","2","fill_blank","高度商業地域とは？","高度商業地域は、例えば、大都市（東京23区、政令指定都市等）の都心又は副都心にあって、広域的商圏を有し、比較的大規模な中高層の店舗、事務所等が高密度に集積している地域であり、高度商業地域の性格に応じて、さらに、次のような細分類が考えられる。
ア　一般高度商業地域：主として繁華性、収益性等が極めて高い店舗が高度に集積している地域
イ　業務高度商業地域：主として行政機関、企業、金融機関等の事務所が高度に集積している地域
ウ　複合高度商業地域：店舗と事務所が複合して高度に集積している地域","","2"
"souron-2-009","souron","2","fill_blank","郊外路線商業地域とは？","都市の郊外の幹線道路（国道、都道府県道等）沿いにおいて、店舗、営業所等が連たんしている地域","","2"
"souron-2-010","souron","2","fill_blank","土地の種別とは？","土地の種別は、地域の種別に応じて分類される土地の区分であり、宅地、農地、林地、見込地、移行地等に分けられ、さらに地域の種別の細分に応じて細分される。","","4"
"souron-2-011","souron","2","fill_blank","宅地の類型を5個列挙せよ","宅地の類型は、その有形的利用及び権利関係の態様に応じて、更地、建付地、借地権、底地、区分地上権等に分けられる。","","4"
"souron-2-012","souron","2","fill_blank","更地とは？","更地とは、建物等の定着物がなく、かつ、使用収益を制約する権利の付着していない宅地をいう。","","4"
"souron-2-013","souron","2","fill_blank","建付地とは？","建付地とは、建物等の用に供されている敷地で建物等及びその敷地が同一の所有者に属している宅地をいう。","","4"
"souron-2-014","souron","2","fill_blank","借地権とは？","借地権とは、借地借家法（廃止前の借地法を含む。）に基づく借地権（建物の所有を目的とする地上権又は土地の賃借権）をいう。","","4"
"souron-2-015","souron","2","fill_blank","底地とは？","底地とは、宅地について借地権の付着している場合における当該宅地の所有権をいう。","","4"
"souron-2-016","souron","2","fill_blank","区分地上権とは？","区分地上権とは、工作物を所有するため、地下又は空間に上下の範囲を定めて設定された地上権をいう。","","1"
"souron-2-017","souron","2","fill_blank","自用の建物及びその敷地とは？","自用の建物及びその敷地とは、建物所有者とその敷地の所有者とが同一人であり、その所有者による使用収益を制約する権利の付着していない場合における当該建物及びその敷地をいう。","","4"
"souron-2-018","souron","2","fill_blank","貸家及びその敷地とは？","貸家及びその敷地とは、建物所有者とその敷地の所有者とが同一人であるが、建物が賃貸借に供されている場合における当該建物及びその敷地をいう。","","4"
"souron-2-019","souron","2","fill_blank","借地権付建物とは？","借地権付建物とは、借地権を権原とする建物が存する場合における当該建物及び借地権をいう。","","4"
"souron-2-020","souron","2","fill_blank","区分所有建物及びその敷地とは？","区分所有建物及びその敷地とは、建物の区分所有等に関する法律第２条第３項に規定する専有部分並びに当該専有部分に係る同条第４項に規定する共用部分の共有持分及び同条第６項に規定する敷地利用権をいう。","","4"
"souron-3-001","souron","3","fill_blank","不動産の価格を形成する要因について述べよ","不動産の価格を形成する要因（以下「価格形成要因」という。）とは、不動産の効用及び相対的稀少性並びに不動産に対する有効需要の三者に影響を与える要因をいう。不動産の価格は、多数の要因の相互作用の結果として形成されるものであるが、要因それ自体も常に変動する傾向を持っている。したがって、不動産の鑑定評価を行うに当たっては、価格形成要因を市場参加者の観点から明確に把握し、かつ、その推移及び動向並びに諸要因間の相互関係を十分に分析して、前記三者に及ぼすその影響を判定することが必要である。
価格形成要因は、一般的要因、地域要因及び個別的要因に分けられる。","","4"
"souron-3-002","souron","3","fill_blank","一般的要因とは？","一般的要因とは、一般経済社会における不動産のあり方及びその価格の水準に影響を与える要因をいう。それは、自然的要因、社会的要因、経済的要因及び行政的要因に大別される。","","4"
"souron-3-003","souron","3","fill_blank","地域要因とは？","地域要因とは、一般的要因の相関結合によって規模、構成の内容、機能等にわたる各地域の特性を形成し、その地域に属する不動産の価格の形成に全般的な影響を与える要因をいう。","","4"
"souron-3-004","souron","3","fill_blank","個別的要因とは？","個別的要因とは、不動産に個別性を生じさせ、その価格を個別的に形成する要因をいう。","","4"
"souron-3-005","souron","3","fill_blank","建物の各用途に共通する個別的要因について、9個列挙せよ","１．建築（新築、増改築等又は移転）の年次
２．面積、高さ、構造、材質等
３．設計、設備等の機能性
４．施工の質と量
５．耐震性、耐火性等建物の性能
６．維持管理の状態
７．有害な物質の使用の有無及びその状態
８．建物とその環境との適合の状態
９．公法上及び私法上の規制、制約等","","3"
"souron-3-006","souron","3","fill_blank","賃貸用不動産の個別的要因（賃貸経営管理の良否）について、3点列挙せよ。","１．賃借人の状況及び賃貸借契約の内容
２．貸室の稼働状況
３．躯体・設備・内装等の資産区分及び修繕費用等の負担区分","","3"
"souron-4-001","souron","4","fill_blank","4章の序文を記載せよ","不動産の価格は、不動産の効用及び相対的稀少性並びに不動産に対する有効需要に影響を与える諸要因の相互作用によって形成されるが、その形成の過程を考察するとき、そこに基本的な法則性を認めることができる。不動産の鑑定評価は、その不動産の価格の形成過程を追究し、分析することを本質とするものであるから、不動産の経済価値に関する適切な最終判断に到達するためには、鑑定評価に必要な指針としてこれらの法則性を認識し、かつ、これらを具体的に現した以下の諸原則を活用すべきである。
これらの原則は、一般の経済法則に基礎を置くものであるが、鑑定評価の立場からこれを認識し、表現したものである。
なお、これらの原則は、孤立しているものではなく、直接的又は間接的に相互に関連しているものであることに留意しなければならない。","","4"
"souron-4-002","souron","4","fill_blank","需要と供給の原則とは？","一般に財の価格は、その財の需要と供給との相互関係によって定まるとともに、その価格は、また、その財の需要と供給とに影響を及ぼす。
不動産の価格もまたその需要と供給との相互関係によって定まるのであるが、不動産は他の財と異なる自然的特性及び人文的特性を有するために、その需要と供給及び価格の形成には、これらの特性の反映が認められる。","","2"
"souron-4-003","souron","4","fill_blank","変動の原則とは？","一般に財の価格は、その価格を形成する要因の変化に伴って変動する。
不動産の価格も多数の価格形成要因の相互因果関係の組合せの流れである変動の過程において形成されるものである。したがって、不動産の鑑定評価に当たっては、価格形成要因が常に変動の過程にあることを認識して、各要因間の相互因果関係を動的に把握すべきである。特に、不動産の最有効使用を判定するためには、この変動の過程を分析することが必要である。","","4"
"souron-4-004","souron","4","fill_blank","代替の原則とは？","代替性を有する二以上の財が存在する場合には、これらの財の価格は、相互に影響を及ぼして定まる。
不動産の価格も代替可能な他の不動産又は財の価格と相互に関連して形成される。","","4"
"souron-4-005","souron","4","fill_blank","最有効使用の原則とは？","不動産の価格は、その不動産の効用が最高度に発揮される可能性に最も富む使用（以下「最有効使用」という。）を前提として把握される価格を標準として形成される。この場合の最有効使用は、現実の社会経済情勢の下で客観的にみて、良識と通常の使用能力を持つ人による合理的かつ合法的な最高最善の使用方法に基づくものである。
なお、ある不動産についての現実の使用方法は、必ずしも最有効使用に基づいているものではなく、不合理な又は個人的な事情による使用方法のために、当該不動産が十分な効用を発揮していない場合があることに留意すべきである。","","5"
"souron-4-006","souron","4","fill_blank","均衡の原則とは？","不動産の収益性又は快適性が最高度に発揮されるためには、その構成要素の組合せが均衡を得ていることが必要である。したがって、不動産の最有効使用を判定するためには、この均衡を得ているかどうかを分析することが必要である。","","4"
"souron-4-007","souron","4","fill_blank","収益逓増及び逓減の原則とは？","ある単位投資額を継続的に増加させると、これに伴って総収益は増加する。しかし、増加させる単位投資額に対応する収益は、ある点までは増加するが、その後は減少する。
この原則は、不動産に対する追加投資の場合についても同様である。","","2"
"souron-4-008","souron","4","fill_blank","収益配分の原則とは？","土地、資本、労働及び経営（組織）の各要素の結合によって生ずる総収益は、これらの各要素に配分される。したがって、このような総収益のうち、資本、労働及び経営（組織）に配分される部分以外の部分は、それぞれの配分が正しく行われる限り、土地に帰属するものである。","","2"
"souron-4-009","souron","4","fill_blank","寄与の原則とは？","不動産のある部分がその不動産全体の収益獲得に寄与する度合いは、その不動産全体の価格に影響を及ぼす。
この原則は、不動産の最有効使用の判定に当たっての不動産の追加投資の適否の判定等に有用である。","","2"
"souron-4-010","souron","4","fill_blank","適合の原則とは？","不動産の収益性又は快適性が最高度に発揮されるためには、当該不動産がその環境に適合していることが必要である。したがって、不動産の最有効使用を判定するためには、当該不動産が環境に適合しているかどうかを分析することが必要である。","","2"
"souron-4-011","souron","4","fill_blank","競争の原則とは？","一般に、超過利潤は競争を惹起し、競争は超過利潤を減少させ、終局的にはこれを消滅させる傾向を持つ。不動産についても、その利用による超過利潤を求めて、不動産相互間及び他の財との間において競争関係が認められ、したがって、不動産の価格は、このような競争の過程において形成される。","","2"
"souron-4-012","souron","4","fill_blank","予測の原則とは？","財の価格は、その財の将来の収益性等についての予測を反映して定まる。
不動産の価格も、価格形成要因の変動についての市場参加者による予測によって左右される。","","4"
"souron-5-001","souron","5","fill_blank","鑑定評価の基本的事項を述べよ（5章序文）","不動産の鑑定評価に当たっては、基本的事項として、対象不動産、価格時点及び価格又は賃料の種類を確定しなければならない。","","4"
"souron-5-002","souron","5","fill_blank","対象不動産の確定の定義及びどのように確定されるべきか述べよ","不動産の鑑定評価を行うに当たっては、まず、鑑定評価の対象となる土地又は建物等を物的に確定することのみならず、鑑定評価の対象となる所有権及び所有権以外の権利を確定する必要がある。
対象不動産の確定は、鑑定評価の対象を明確に他の不動産と区別し、特定することであり、それは不動産鑑定士が鑑定評価の依頼目的及び条件に照応する対象不動産と当該不動産の現実の利用状況とを照合して確認するという実践行為を経て最終的に確定されるべきものである。","","5"
"souron-5-003","souron","5","fill_blank","対象確定条件とは？","対象不動産の確定に当たって必要となる鑑定評価の条件を対象確定条件という。対象確定条件は、鑑定評価の対象とする不動産の所在、範囲等の物的事項及び所有権、賃借権等の対象不動産の権利の態様に関する事項を確定するために必要な条件であり、依頼目的に応じて次のような条件がある。","","4"
"souron-5-004","souron","5","fill_blank","現況を所与とする鑑定評価とは？","不動産が土地のみの場合又は土地及び建物等の結合により構成されている場合において、その状態を所与として鑑定評価の対象とすること。","","4"
"souron-5-005","souron","5","fill_blank","独立鑑定評価とは？","不動産が土地及び建物等の結合により構成されている場合において、その土地のみを建物等が存しない独立のもの（更地）として鑑定評価の対象とすること（この場合の鑑定評価を独立鑑定評価という。）。","","4"
"souron-5-006","souron","5","fill_blank","部分鑑定評価とは？","（３）不動産が土地及び建物等の結合により構成されている場合において、その状態を所与として、その不動産の構成部分を鑑定評価の対象とすること（この場合の鑑定評価を部分鑑定評価という。）。","","4"
"souron-5-007","souron","5","fill_blank","併合又は分割鑑定評価とは？","不動産の併合又は分割を前提として、併合後又は分割後の不動産を単独のものとして鑑定評価の対象とすること（この場合の鑑定評価を併合鑑定評価又は分割鑑定評価という。）。","","4"
"souron-5-008","souron","5","fill_blank","未竣工建物等鑑定評価とは？","造成に関する工事が完了していない土地又は建築に係る工事（建物を新築するもののほか、増改築等を含む。）が完了していない建物について、当該工事の完了を前提として鑑定評価の対象とすること（この場合の鑑定評価を未竣工建物等鑑定評価という。）。","","4"
"souron-5-009","souron","5","fill_blank","条件設定の妥当性に関して確認すべき事項とは何か","対象確定条件を設定するに当たっては、対象不動産に係る諸事項についての調査及び確認を行った上で、依頼目的に照らして、鑑定評価書の利用者の利益を害するおそれがないかどうかの観点から当該条件設定の妥当性を確認しなければならない。","","3"
"souron-5-010","souron","5","fill_blank","未竣工建物等鑑定評価を行う場合に注意すべきことを述べよ","未竣工建物等鑑定評価を行う場合は、妥当性の検討に加え、価格時点において想定される竣工後の不動産に係る物的確認を行うために必要な設計図書等及び権利の態様の確認を行うための請負契約書等を収集しなければならず、さらに、当該未竣工建物等に係る法令上必要な許認可等が取得され、発注者の資金調達能力等の観点から工事完了の実現性が高いと判断されなければならない。","","3"
"souron-5-011","souron","5","fill_blank","想定上の条件とは？","対象不動産について、依頼目的に応じ対象不動産に係る価格形成要因のうち地域要因又は個別的要因について想定上の条件を設定する場合がある。この場合には、設定する想定上の条件が鑑定評価書の利用者の利益を害するおそれがないかどうかの観点に加え、特に実現性及び合法性の観点から妥当なものでなければならない。","","4"
"souron-5-012","souron","5","fill_blank","調査範囲等条件とは？","不動産鑑定士の通常の調査の範囲では、対象不動産の価格への影響の程度を判断するための事実の確認が困難な特定の価格形成要因が存する場合、当該価格形成要因について調査の範囲に係る条件（以下「調査範囲等条件」という。）を設定することができる。ただし、調査範囲等条件を設定することができるのは、調査範囲等条件を設定しても鑑定評価書の利用者の利益を害するおそれがないと判断される場合に限る。","","4"
"souron-5-013","souron","5","fill_blank","調査範囲等条件について4点列挙せよ。","（ア）土壌汚染の有無及びその状態
（イ）建物に関する有害な物質の使用の有無及びその状態
（ウ）埋蔵文化財及び地下埋設物の有無並びにその状態
（エ）隣接不動産との境界が不分明な部分が存する場合における対象不動産の範囲","","1"
"souron-5-014","souron","5","fill_blank","条件設定が制限される場合について述べよ。","証券化対象不動産の鑑定評価及び会社法上の現物出資の目的となる不動産の鑑定評価等、鑑定評価が鑑定評価書の利用者の利益に重大な影響を及ぼす可能性がある場合には、原則として、鑑定評価の対象とする不動産の現実の利用状況と異なる対象確定条件、地域要因又は個別的要因についての想定上の条件及び調査範囲等条件の設定をしてはならない。ただし、証券化対象不動産の鑑定評価で、各論第３章第２節に定める要件を満たす場合には未竣工建物等鑑定評価を行うことができるものとする。","","2"
"souron-5-015","souron","5","fill_blank","価格時点の必要性及び定義を述べよ。","価格形成要因は、時の経過により変動するものであるから、不動産の価格はその判定の基準となった日においてのみ妥当するものである。したがって、不動産の鑑定評価を行うに当たっては、不動産の価格の判定の基準日を確定する必要があり、この日を価格時点という。また、賃料の価格時点は、賃料の算定の期間の収益性を反映するものとしてその期間の期首となる。","","5"
"souron-5-016","souron","5","fill_blank","過去時点の鑑定評価について述べよ。","過去時点の鑑定評価は、対象不動産の確認等が可能であり、かつ、鑑定評価に必要な要因資料及び事例資料の収集が可能な場合に限り行うことができる。また、時の経過により対象不動産及びその近隣地域等が価格時点から鑑定評価を行う時点までの間に変化している場合もあるので、このような事情変更のある場合の価格時点における対象不動産の確認等については、価格時点に近い時点の確認資料等をできる限り収集し、それを基礎に判断すべきである。","","3"
"souron-5-017","souron","5","fill_blank","将来時点の鑑定評価について述べよ。","将来時点の鑑定評価は、対象不動産の確定、価格形成要因の把握、分析及び最有効使用の判定についてすべて想定し、又は予測することとなり、また、収集する資料についても鑑定評価を行う時点までのものに限られ、不確実にならざるを得ないので、原則として、このような鑑定評価は行うべきではない。ただし、特に必要がある場合において、鑑定評価上妥当性を欠くことがないと認められるときは将来の価格時点を設定することができるものとする。","","3"
"souron-5-018","souron","5","fill_blank","不動産の鑑定評価によって求める価格について述べよ。","不動産の鑑定評価によって求める価格は、基本的には正常価格であるが、鑑定評価の依頼目的に対応した条件により限定価格、特定価格又は特殊価格を求める場合があるので、依頼目的に対応した条件を踏まえて価格の種類を適切に判断し、明確にすべきである。なお、評価目的に応じ、特定価格として求めなければならない場合があることに留意しなければならない。","","5"
"souron-5-019","souron","5","fill_blank","正常価格の定義を述べよ","正常価格とは、市場性を有する不動産について、現実の社会経済情勢の下で合理的と考えられる条件を満たす市場で形成されるであろう市場価値を表示する適正な価格をいう。","","5"
"souron-5-020","souron","5","fill_blank","現実の社会経済情勢の下で合理的と考えられる条件を満たす市場とは？","現実の社会経済情勢の下で合理的と考えられる条件を満たす市場とは、以下の条件を満たす市場をいう。
（１）市場参加者が自由意思に基づいて市場に参加し、参入、退出が自由であること。なお、ここでいう市場参加者は、自己の利益を最大化するため次のような要件を満たすとともに、慎重かつ賢明に予測し、行動するものとする。
①売り急ぎ、買い進み等をもたらす特別な動機のないこと。②対象不動産及び対象不動産が属する市場について取引を成立させるために必要となる通常の知識や情報を得ていること。③取引を成立させるために通常必要と認められる労力、費用を費やしていること。④対象不動産の最有効使用を前提とした価値判断を行うこと。⑤買主が通常の資金調達能力を有していること。
（２）取引形態が、市場参加者が制約されたり、売り急ぎ、買い進み等を誘引したりするような特別なものではないこと。
（３）対象不動産が相当の期間市場に公開されていること。","","5"
"souron-5-021","souron","5","fill_blank","買主が通常の資金調達能力を有していることについて述べよ","通常の資金調達能力とは、買主が対象不動産の取得に当たって、市場における標準的な借入条件（借入比率、金利、借入期間等）の下での借り入れと自己資金とによって資金調達を行うことができる能力をいう。","","4"
"souron-5-022","souron","5","fill_blank","対象不動産が相当の期間市場に公開されていることについて述べよ","相当の期間とは、対象不動産の取得に際し必要となる情報が公開され、需要者層に十分浸透するまでの期間をいう。なお、相当の期間とは、価格時点における不動産市場の需給動向、対象不動産の種類、性格等によって異なることに留意すべきである。
また、公開されていることとは、価格時点において既に市場で公開されていた状況を想定することをいう（価格時点以降売買成立時まで公開されることではないことに留意すべきである。）。","","4"
"souron-5-023","souron","5","fill_blank","限定価格の定義及びそれを求める場合について述べよ","限定価格とは、市場性を有する不動産について、不動産と取得する他の不動産との併合又は不動産の一部を取得する際の分割等に基づき正常価格と同一の市場概念の下において形成されるであろう市場価値と乖離することにより、市場が相対的に限定される場合における取得部分の当該市場限定に基づく市場価値を適正に表示する価格をいう。
限定価格を求める場合を例示すれば、次のとおりである。
（１）借地権者が底地の併合を目的とする売買に関連する場合
（２）隣接不動産の併合を目的とする売買に関連する場合
（３）経済合理性に反する不動産の分割を前提とする売買に関連する場合","","4"
"souron-5-024","souron","5","fill_blank","特定価格の定義及びそれを求める場合について述べよ","特定価格とは、市場性を有する不動産について、法令等による社会的要請を背景とする鑑定評価目的の下で、正常価格の前提となる諸条件を満たさないことにより正常価格と同一の市場概念の下において形成されるであろう市場価値と乖離することとなる場合における不動産の経済価値を適正に表示する価格をいう。
特定価格を求める場合を例示すれば、次のとおりである。
（１）各論第3章第1節に規定する証券化対象不動産に係る鑑定評価目的の下で、投資家に示すための投資採算価値を表す価格を求める場合
（２）民事再生法に基づく鑑定評価目的の下で、早期売却を前提とした価格を求める場合
（３）会社更生法又は民事再生法に基づく鑑定評価目的の下で、事業の継続を前提とした価格を求める場合","","4"
"souron-5-025","souron","5","fill_blank","各論第3章第1節に規定する証券化対象不動産に係る鑑定評価目的の下で、投資家に示すための投資採算価値を表す価格を求める場合","この場合は、投資法人、投資信託又は特定目的会社等（以下「投資法人等」という。）の投資対象となる資産（以下「投資対象資産」という。）としての不動産の取得時又は保有期間中の価格として投資家に開示することを目的に、投資家保護の観点から対象不動産の収益力を適切に反映する収益価格に基づいた投資採算価値を求める必要がある。
投資対象資産としての不動産の取得時又は保有期間中の価格を求める鑑定評価については、上記鑑定評価目的の下で、資産流動化計画等により投資家に開示される対象不動産の運用方法を所与とするが、その運用方法による使用が対象不動産の最有効使用と異なることとなる場合には特定価格として求めなければならない。なお、投資法人等が投資対象資産を譲渡するときに依頼される鑑定評価で求める価格は正常価格として求めることに留意する必要がある。","","4"
"souron-5-026","souron","5","fill_blank","民事再生法に基づく鑑定評価目的の下で、早期売却を前提とした価格を求める場合","この場合は、民事再生法に基づく鑑定評価目的の下で、財産を処分するものとしての価格を求めるものであり、対象不動産の種類、性格、所在地域の実情に応じ、早期の処分可能性を考慮した適正な処分価格として求める必要がある。
鑑定評価に際しては、通常の市場公開期間より短い期間で売却されることを前提とするものであるため、早期売却による減価が生じないと判断される特段の事情がない限り特定価格として求めなければならない。","","4"
"souron-5-027","souron","5","fill_blank","会社更生法又は民事再生法に基づく鑑定評価目的の下で、事業の継続を前提とした価格を求める場合","この場合は、会社更生法又は民事再生法に基づく鑑定評価目的の下で、現状の事業が継続されるものとして当該事業の拘束下にあることを前提とする価格を求めるものである。
鑑定評価に際しては、上記鑑定評価目的の下で、対象不動産の利用現況を所与とすることにより、前提とする使用が対象不動産の最有効使用と異なることとなる場合には特定価格として求めなければならない。","","4"
"souron-5-028","souron","5","fill_blank","特殊価格の定義及びそれを求める場合について述べよ","特殊価格とは、文化財等の一般的に市場性を有しない不動産について、その利用現況等を前提とした不動産の経済価値を適正に表示する価格をいう。
特殊価格を求める場合を例示すれば、文化財の指定を受けた建造物、宗教建築物又は現況による管理を継続する公共公益施設の用に供されている不動産について、その保存等に主眼をおいた鑑定評価を行う場合である。","","3"
"souron-5-029","souron","5","fill_blank","正常賃料の定義を述べよ","正常賃料とは、正常価格と同一の市場概念の下において新たな賃貸借等（賃借権若しくは地上権又は地役権に基づき、不動産を使用し、又は収益することをいう。）の契約において成立するであろう経済価値を表示する適正な賃料（新規賃料）をいう。","","4"
"souron-5-030","souron","5","fill_blank","限定賃料の定義及び求めることができる場合を述べよ","限定賃料とは、限定価格と同一の市場概念の下において新たな賃貸借等の契約において成立するであろう経済価値を適正に表示する賃料（新規賃料）をいう。
限定賃料を求めることができる場合を例示すれば、次のとおりである。
（１）隣接不動産の併合使用を前提とする賃貸借等に関連する場合
（２）経済合理性に反する不動産の分割使用を前提とする賃貸借等に関連する場合","","4"
"souron-5-031","souron","5","fill_blank","継続賃料の定義を述べよ","継続賃料とは、不動産の賃貸借等の継続に係る特定の当事者間において成立するであろう経済価値を適正に表示する賃料をいう。","","4"
"souron-6-001","souron","6","fill_blank","地域分析の意義とは？","地域分析とは、その対象不動産がどのような地域に存するか、その地域はどのような特性を有するか、また、対象不動産に係る市場はどのような特性を有するか、及びそれらの特性はその地域内の不動産の利用形態と価格形成について全般的にどのような影響力を持っているかを分析し、判定することをいう。","","5"
"souron-6-002","souron","6","fill_blank","地域分析にあたって特に重要な地域とは？","地域分析に当たって特に重要な地域は、用途的観点から区分される地域（以下「用途的地域」という。）、すなわち近隣地域及びその類似地域と、近隣地域及びこれと相関関係にある類似地域を含むより広域的な地域、すなわち同一需給圏である。","","4"
"souron-6-003","souron","6","fill_blank","近隣地域の特性及び標準的使用について述べよ","近隣地域の特性は、通常、その地域に属する不動産の一般的な標準的使用に具体的に現れるが、この標準的使用は、利用形態からみた地域相互間の相対的位置関係及び価格形成を明らかにする手掛りとなるとともに、その地域に属する不動産のそれぞれについての最有効使用を判定する有力な標準となるものである。
なお、不動産の属する地域は固定的なものではなく、地域の特性を形成する地域要因も常に変動するものであることから、地域分析に当たっては、対象不動産に係る市場の特性の把握の結果を踏まえて地域要因及び標準的使用の現状と将来の動向とをあわせて分析し、標準的使用を判定しなければならない。","","4"
"souron-6-004","souron","6","fill_blank","近隣地域の定義とは？","近隣地域とは、対象不動産の属する用途的地域であって、より大きな規模と内容とを持つ地域である都市あるいは農村等の内部にあって、居住、商業活動、工業生産活動等人の生活と活動とに関して、ある特定の用途に供されることを中心として地域的にまとまりを示している地域をいい、対象不動産の価格の形成に関して直接に影響を与えるような特性を持つものである。
近隣地域は、その地域の特性を形成する地域要因の推移、動向の如何によって、変化していくものである。","","5"
"souron-6-005","souron","6","fill_blank","類似地域の定義とは？","類似地域とは、近隣地域の地域の特性と類似する特性を有する地域であり、その地域に属する不動産は、特定の用途に供されることを中心として地域的にまとまりを持つものである。この地域のまとまりは、近隣地域の特性との類似性を前提として判定されるものである。","","4"
"souron-6-006","souron","6","fill_blank","同一受給権の定義とは？","同一需給圏とは、一般に対象不動産と代替関係が成立して、その価格の形成について相互に影響を及ぼすような関係にある他の不動産の存する圏域をいう。それは、近隣地域を含んでより広域的であり、近隣地域と相関関係にある類似地域等の存する範囲を規定するものである。","","4"
"souron-6-007","souron","6","fill_blank","近隣地域と同一需給圏内の類似地域の関係について述べよ","一般に、近隣地域と同一需給圏内に存する類似地域とは、隣接すると否とにかかわらず、その地域要因の類似性に基づいて、それぞれの地域の構成分子である不動産相互の間に代替、競争等の関係が成立し、その結果、両地域は相互に影響を及ぼすものである。
また、近隣地域の外かつ同一需給圏内の類似地域の外に存する不動産であっても、同一需給圏内に存し対象不動産とその用途、規模、品等等の類似性に基づいて、これら相互の間に代替、競争等の関係が成立する場合がある。","","4"
"souron-6-008","souron","6","fill_blank","住宅地の同一需給圏の判定にあたって留意すべき事項を述べよ","同一需給圏は、一般に都心への通勤可能な地域の範囲に一致する傾向がある。ただし、地縁的選好性により地域的範囲が狭められる傾向がある。
なお、地域の名声、品位等による選好性の強さが同一需給圏の地域的範囲に特に影響を与える場合があることに留意すべきである。","","4"
"souron-6-009","souron","6","fill_blank","商業地の同一需給圏の判定にあたって留意すべき事項を述べよ","同一需給圏は、高度商業地については、一般に広域的な商業背後地を基礎に成り立つ商業収益に関して代替性の及ぶ地域の範囲に一致する傾向があり、したがって、その範囲は高度商業地の性格に応じて広域的に形成される傾向がある。
また、普通商業地については、一般に狭い商業背後地を基礎に成り立つ商業収益に関して代替性の及ぶ地域の範囲に一致する傾向がある。ただし、地縁的選好性により地域的範囲が狭められる傾向がある。","","4"
"souron-6-010","souron","6","fill_blank","工業地の同一需給圏の判定にあたって留意すべき事項を述べよ","同一需給圏は、港湾、高速交通網等の利便性を指向する産業基盤指向型工業地等の大工場地については、一般に原材料、製品等の大規模な移動を可能にする高度の輸送機関に関して代替性を有する地域の範囲に一致する傾向があり、したがって、その地域的範囲は、全国的な規模となる傾向がある。
また、製品の消費地への距離、消費規模等の市場接近性を指向する消費地指向型工業地等の中小工場地については、一般に製品の生産及び販売に関する費用の経済性に関して代替性を有する地域の範囲に一致する傾向がある。","","4"
"souron-6-011","souron","6","fill_blank","地域分析における市場分析とは？","地域分析における対象不動産に係る市場の特性の把握に当たっては、同一需給圏における市場参加者がどのような属性を有しており、どのような観点から不動産の利用形態を選択し、価格形成要因についての判断を行っているかを的確に把握することが重要である。あわせて同一需給圏における市場の需給動向を的確に把握する必要がある。
また、把握した市場の特性については、近隣地域における標準的使用の判定に反映させるとともに鑑定評価の手法の適用、試算価格又は試算賃料の調整等における各種の判断においても反映すべきである。","","5"
"souron-6-012","souron","6","fill_blank","市場分析の定義を述べよ（基準外）","市場分析とは、地域分析及び個別分析の各過程において、対象不動産に係る市場の範囲、主たる市場参加者の属性や行動基準、需給動向や対象不動産の市場競争力等を分析し、現実の市場の実態を把握することをいう。","","5"
"souron-6-013","souron","6","fill_blank","個別分析の意義とは？","個別分析とは、対象不動産の個別的要因が対象不動産の利用形態と価格形成についてどのような影響力を持っているかを分析してその最有効使用を判定することをいう。","","4"
"souron-6-014","souron","6","fill_blank","個別分析における市場分析とは？","個別的要因は、対象不動産の市場価値を個別的に形成しているものであるため、個別的要因の分析においては、対象不動産に係る典型的な需要者がどのような個別的要因に着目して行動し、対象不動産と代替、競争等の関係にある不動産と比べた優劣及び競争力の程度をどのように評価しているかを的確に把握することが重要である。
また、個別的要因の分析結果は、鑑定評価の手法の適用、試算価格又は試算賃料の調整等における各種の判断においても反映すべきである。","","4"
"souron-6-015","souron","6","fill_blank","最有効使用の判定にあたって留意すべき点を5点述べよ","（１）良識と通常の使用能力を持つ人が採用するであろうと考えられる使用方法であること。
（２）使用収益が将来相当の期間にわたって持続し得る使用方法であること。
（３）効用を十分に発揮し得る時点が予測し得ない将来でないこと。
（４）個々の不動産の最有効使用は、一般に近隣地域の地域の特性の制約下にあるので、個別分析に当たっては、特に近隣地域に存する不動産の標準的使用との相互関係を明らかにし判定することが必要であるが、対象不動産の位置、規模、環境等によっては、標準的使用の用途と異なる用途の可能性が考えられるので、こうした場合には、それぞれの用途に対応した個別的要因の分析を行った上で最有効使用を判定すること。
（５）価格形成要因は常に変動の過程にあることを踏まえ、特に価格形成に影響を与える地域要因の変動が客観的に予測される場合には、当該変動に伴い対象不動産の使用方法が変化する可能性があることを勘案して最有効使用を判定すること。","","4"
"souron-6-016","souron","6","fill_blank","建物及びその敷地の最有効使用の判定上の留意点について述べよ","（６）現実の建物の用途等が更地としての最有効使用に一致していない場合には、更地としての最有効使用を実現するために要する費用等を勘案する必要があるため、建物及びその敷地と更地の最有効使用の内容が必ずしも一致するものではないこと。
（７）現実の建物の用途等を継続する場合の経済価値と建物の取壊しや用途変更等を行う場合のそれらに要する費用等を適切に勘案した経済価値を十分比較考量すること。","","4"
"souron-7-001","souron","7","fill_blank","鑑定評価の三方式について述べよ","不動産の鑑定評価の方式には、原価方式、比較方式及び収益方式の三方式がある。
原価方式は不動産の再調達（建築、造成等による新規の調達をいう。）に要する原価に着目して、比較方式は不動産の取引事例又は賃貸借等の事例に着目して、収益方式は不動産から生み出される収益に着目して、それぞれ不動産の価格又は賃料を求めようとするものである。
不動産の鑑定評価の方式は、価格を求める手法と賃料を求める手法に分類される。それぞれの鑑定評価の手法の適用により求められた価格又は賃料を試算価格又は試算賃料という。","","4"
"souron-7-002","souron","7","fill_blank","事例の収集及び選択について述べよ","鑑定評価の各手法の適用に当たって必要とされる事例には、原価法の適用に当たって必要な建設事例、取引事例比較法の適用に当たって必要な取引事例及び収益還元法の適用に当たって必要な収益事例（以下「取引事例等」という。）がある。
取引事例等は、鑑定評価の各手法に即応し、適切にして合理的な計画に基づき、豊富に秩序正しく収集し、選択すべきであり、投機的取引であると認められる事例等適正さを欠くものであってはならない。","","4"
"souron-7-003","souron","7","fill_blank","事例適格４要件について述べよ","取引事例等は、次の要件の全部を備えるもののうちから選択するものとする。
（１）次の不動産に係るものであること
①近隣地域又は同一需給圏内の類似地域若しくは必要やむを得ない場合には近隣地域の周辺の地域（以下「同一需給圏内の類似地域等」という。）に存する不動産
②対象不動産の最有効使用が標準的使用と異なる場合等において同一需給圏内に存し対象不動産と代替、競争等の関係が成立していると認められる不動産（以下「同一需給圏内の代替競争不動産」という。）。
（２）取引等の事情が正常なものと認められるものであること又は正常なものに補正することができるものであること。
（３）時点修正をすることが可能なものであること。
（４）地域要因の比較及び個別的要因の比較が可能なものであること。","","4"
"souron-7-004","souron","7","fill_blank","事情補正の必要性及び留意点（2点）について述べよ","取引事例等に係る取引等が特殊な事情を含み、これが当該取引事例等に係る価格等に影響を及ぼしているときは適切に補正しなければならない。
（１）現実に成立した取引事例等には、不動産市場の特性、取引等における当事者双方の能力の多様性と特別の動機により売り急ぎ、買い進み等の特殊な事情が存在する場合もあるので、取引事例等がどのような条件の下で成立したものであるかを資料の分析に当たり十分に調査しなければならない。
（２）特殊な事情とは、正常価格を求める場合には、現実の社会経済情勢の下で合理的と考えられる諸条件を欠くに至らしめる事情のことである。","","4"
"souron-7-005","souron","7","fill_blank","時点修正の必要性についてに述べよ","取引事例等に係る取引等の時点が価格時点と異なることにより、その間に価格水準に変動があると認められる場合には、当該取引事例等の価格等を価格時点の価格等に修正しなければならない。","","4"
"souron-7-006","souron","7","fill_blank","取引事例が近隣地域以外に存する場合の地域要因の比較及び個別的要因の比較について述べよ","取引事例等の価格等は、その不動産の存する用途的地域に係る地域要因及び当該不動産の個別的要因を反映しているものであるから、取引事例等に係る不動産が同一需給圏内の類似地域等に存するもの又は同一需給圏内の代替競争不動産である場合においては、近隣地域と当該事例に係る不動産の存する地域との地域要因の比較及び対象不動産と当該事例に係る不動産との個別的要因の比較を、取引事例等に係る不動産が近隣地域に存するものである場合においては、対象不動産と当該事例に係る不動産の個別的要因の比較をそれぞれ行う必要がある。","","4"
"souron-7-007","souron","7","fill_blank","原価法の定義及び有効性を述べよ","原価法は、価格時点における対象不動産の再調達原価を求め、この再調達原価について減価修正を行って対象不動産の試算価格を求める手法である（この手法による試算価格を積算価格という。）。
原価法は、対象不動産が建物又は建物及びその敷地である場合において、再調達原価の把握及び減価修正を適切に行うことができるときに有効であり、対象不動産が土地のみである場合においても、再調達原価を適切に求めることができるときはこの手法を適用することができる。","","5"
"souron-7-008","souron","7","fill_blank","再調達原価の定義を述べよ","再調達原価とは、対象不動産を価格時点において再調達することを想定した場合において必要とされる適正な原価の総額をいう。
なお、建設資材、工法等の変遷により、対象不動産の再調達原価を求めることが困難な場合には、対象不動産と同等の有用性を持つものに置き換えて求めた原価（置換原価）を再調達原価とみなすものとする。","","4"
"souron-7-009","souron","7","fill_blank","土地の再調達原価について述べよ","土地の再調達原価は、その素材となる土地の標準的な取得原価に当該土地の標準的な造成費と発注者が直接負担すべき通常の付帯費用とを加算して求めるものとする。
なお、土地についての原価法の適用において、宅地造成直後の対象地の地域要因と価格時点における対象地の地域要因とを比較し、公共施設、利便施設等の整備及び住宅等の建設等により、社会的、経済的環境の変化が価格水準に影響を与えていると客観的に認められる場合には、地域要因の変化の程度に応じた増加額を熟成度として加算することができる。","","4"
"souron-7-010","souron","7","fill_blank","建物の再調達原価について述べよ","再調達原価は、建設請負により、請負者が発注者に対して直ちに使用可能な状態で引き渡す通常の場合を想定し、発注者が請負者に対して支払う標準的な建設費に発注者が直接負担すべき通常の付帯費用を加算して求めるものとする。
なお、置換原価は、対象不動産と同等の有用性を持つ不動産を新たに調達することを想定した場合に必要とされる原価の総額であり、発注者が請負者に対して支払う標準的な建設費に発注者が直接負担すべき通常の付帯費用を加算して求める。
これらの場合における通常の付帯費用には、建物引渡しまでに発注者が負担する通常の資金調達費用や標準的な開発リスク相当額等が含まれる場合があることに留意する必要がある。","","4"
"souron-7-011","souron","7","fill_blank","建物及びその敷地の再調達原価について述べよ","建物及びその敷地の再調達原価は、まず、土地の再調達原価（再調達原価が把握できない既成市街地における土地にあっては取引事例比較法及び収益還元法によって求めた更地の価格に発注者が直接負担すべき通常の付帯費用を加算した額）又は借地権の価格に発注者が直接負担すべき通常の付帯費用を加算した額を求め、この価格に建物の再調達原価を加算して求めるものとする。","","4"
"souron-7-012","souron","7","fill_blank","再調達原価を求める方法のうち、直接法について述べよ","直接法は、対象不動産について直接的に再調達原価を求める方法である。
直接法は、対象不動産について、使用資材の種別、品等及び数量並びに所要労働の種別、時間等を調査し、対象不動産の存する地域の価格時点における単価を基礎とした直接工事費を積算し、これに間接工事費及び請負者の適正な利益を含む一般管理費等を加えて標準的な建設費を求め、さらに発注者が直接負担すべき通常の付帯費用を加算して再調達原価を求めるものとする。
また、対象不動産の素材となった土地（素地）の価格並びに実際の造成又は建設に要する直接工事費、間接工事費、請負者の適正な利益を含む一般管理費等及び発注者が直接負担した付帯費用の額並びにこれらの明細（種別、品等、数量、時間、単価等）が判明している場合には、これらの明細を分析して適切に補正し、かつ、必要に応じて時点修正を行って再調達原価を求めることができる。","","3"
"souron-7-013","souron","7","fill_blank","再調達原価を求める方法のうち、間節法について述べよ","間接法は、近隣地域若しくは同一需給圏内の類似地域等に存する対象不動産と類似の不動産又は同一需給圏内の代替競争不動産から間接的に対象不動産の再調達原価を求める方法である。
間接法は、当該類似の不動産等について、素地の価格やその実際の造成又は建設に要した直接工事費、間接工事費、請負者の適正な利益を含む一般管理費等及び発注者が直接負担した付帯費用の額並びにこれらの明細（種別、品等、数量、時間、単価等）を明確に把握できる場合に、これらの明細を分析して適切に補正し、必要に応じて時点修正を行い、かつ、地域要因の比較及び個別的要因の比較を行って、対象不動産の再調達原価を求めるものとする。","","3"
"souron-7-014","souron","7","fill_blank","減価修正の目的について述べよ","減価修正の目的は、減価の要因に基づき発生した減価額を対象不動産の再調達原価から控除して価格時点における対象不動産の適正な積算価格を求めることである。
減価修正を行うに当たっては、減価の要因に着目して対象不動産を部分的かつ総合的に分析検討し、減価額を求めなければならない。","","4"
"souron-7-015","souron","7","fill_blank","減価要因のうち、物理的要因とは？","物理的要因としては、不動産を使用することによって生ずる摩滅及び破損、時の経過又は自然的作用によって生ずる老朽化並びに偶発的な損傷があげられる。","","4"
"souron-7-016","souron","7","fill_blank","減価要因のうち、機能的要因とは？","機能的要因としては、不動産の機能的陳腐化、すなわち、建物と敷地との不適応、設計の不良、型式の旧式化、設備の不足及びその能率の低下等があげられる。","","4"
"souron-7-017","souron","7","fill_blank","減価要因のうち、経済的要因とは？","経済的要因としては、不動産の経済的不適応、すなわち、近隣地域の衰退、不動産とその付近の環境との不適合、不動産と代替、競争等の関係にある不動産又は付近の不動産との比較における市場性の減退等があげられる。","","4"
"souron-7-018","souron","7","fill_blank","減価修正の方法のうち、耐用年数に基づく方法について述べよ","耐用年数に基づく方法は、対象不動産の価格時点における経過年数及び経済的残存耐用年数の和として把握される耐用年数を基礎として減価額を把握する方法である。
経済的残存耐用年数とは、価格時点において、対象不動産の用途や利用状況に即し、物理的要因及び機能的要因に照らした劣化の程度並びに経済的要因に照らした市場競争力の程度に応じてその効用が十分に持続すると考えられる期間をいい、この方法の適用に当たり特に重視されるべきものである。
耐用年数に基づく方法には、定額法、定率法等があるが、これらのうちいずれの方法を用いるかは、対象不動産の用途や利用状況に即して決定すべきである。","","4"
"souron-7-019","souron","7","fill_blank","減価修正の方法のうち、観察減価法について述べよ","観察減価法は、対象不動産について、設計、設備等の機能性、維持管理の状態、補修の状況、付近の環境との適合の状態等各減価の要因の実態を調査することにより、減価額を直接求める方法である。
観察減価法の適用においては、対象不動産に係る個別分析の結果を踏まえた代替、競争等の関係にある不動産と比べた優劣及び競争力の程度等を適切に反映すべきである。","","4"
"souron-7-020","souron","7","fill_blank","取引事例比較法の定義及び有効性について述べよ","取引事例比較法は、まず多数の取引事例を収集して適切な事例の選択を行い、これらに係る取引価格に必要に応じて事情補正及び時点修正を行い、かつ、地域要因の比較及び個別的要因の比較を行って求められた価格を比較考量し、これによって対象不動産の試算価格を求める手法である（この手法による試算価格を比準価格という。）。
取引事例比較法は、近隣地域若しくは同一需給圏内の類似地域等において対象不動産と類似の不動産の取引が行われている場合又は同一需給圏内の代替競争不動産の取引が行われている場合に有効である。","","5"
"souron-7-021","souron","7","fill_blank","事情補正にあたり減額すべき特殊な事情を5つ列挙せよ","（ア）営業上の場所的限定等特殊な使用方法を前提として取引が行われたとき。
（イ）極端な供給不足、先行きに対する過度に楽観的な見通し等特異な市場条件の下に取引が行われたとき。
（ウ）業者又は系列会社間における中間利益の取得を目的として取引が行われたとき。
（エ）買手が不動産に関し明らかに知識や情報が不足している状態において過大な額で取引が行われたとき。
（オ）取引価格に売買代金の割賦払いによる金利相当額、立退料、離作料等の土地の対価以外のものが含まれて取引が行われたとき。","","2"
"souron-7-022","souron","7","fill_blank","事情補正にあたり増額又は減額すべき特殊な事情を3つ列挙せよ","（ア）金融逼迫、倒産時における法人間の恩恵的な取引又は知人、親族間等人間関係による恩恵的な取引が行われたとき。
（イ）不相応な造成費、修繕費等を考慮して取引が行われたとき。
（ウ）調停、清算、競売、公売等において価格が成立したとき。","","2"
"souron-7-023","souron","7","fill_blank","配分法の手順について述べよ","取引事例が対象不動産と同類型の不動産の部分を内包して複合的に構成されている異類型の不動産に係る場合においては、当該取引事例の取引価格から同類型の不動産以外の部分の価格が取引価格等により判明しているときは、その価格を控除し、又は当該取引事例について各構成部分の価格の割合が取引価格、新規投資等により判明しているときは、当該事例の取引価格に対象不動産と同類型の不動産の部分に係る構成割合を乗じて、対象不動産の類型に係る事例資料を求めるものとする（この方法を配分法という。）。","","2"
"souron-7-024","souron","7","fill_blank","収益還元法の定義及び有効性について述べよ","収益還元法は、対象不動産が将来生み出すであろうと期待される純収益の現在価値の総和を求めることにより対象不動産の試算価格を求める手法である（この手法による試算価格を収益価格という。）。
収益還元法は、賃貸用不動産又は賃貸以外の事業の用に供する不動産の価格を求める場合に特に有効である。
また、不動産の価格は、一般に当該不動産の収益性を反映して形成されるものであり、収益は、不動産の経済価値の本質を形成するものである。したがって、この手法は、文化財の指定を受けた建造物等の一般的に市場性を有しない不動産以外のものには基本的にすべて適用すべきものであり、自用の不動産といえども賃貸を想定することにより適用されるものである。
なお、市場における不動産の取引価格の上昇が著しいときは、取引価格と収益価格との乖離が増大するものであるので、先走りがちな取引価格に対する有力な験証手段として、この手法が活用されるべきである。","","5"
"souron-7-025","souron","7","fill_blank","収益価格を求める方法を2つ述べよ","収益価格を求める方法には、一期間の純収益を還元利回りによって還元する方法（以下「直接還元法」という。）と、連続する複数の期間に発生する純収益及び復帰価格を、その発生時期に応じて現在価値に割り引き、それぞれを合計する方法（以下「ＤＣＦ法」という。）がある。","","5"
"souron-7-026","souron","7","fill_blank","DCF法の適用上の留意点について述べよ","ＤＣＦ法の適用に当たっては、毎期の純収益及び復帰価格並びにその発生時期が明示されることから、純収益の見通しについて十分な調査を行うことが必要である。","","4"
"souron-7-027","souron","7","fill_blank","純収益の意義を述べよ","純収益とは、不動産に帰属する適正な収益をいい、収益目的のために用いられている不動産とこれに関与する資本（不動産に化体されているものを除く。）、労働及び経営（組織）の諸要素の結合によって生ずる総収益から、資本（不動産に化体されているものを除く。）、労働及び経営（組織）の総収益に対する貢献度に応じた分配分を控除した残余の部分をいう。","","4"
"souron-7-028","souron","7","fill_blank","純収益の算定方法及び留意点を2つ述べよ","対象不動産の純収益は、一般に１年を単位として総収益から総費用を控除して求めるものとする。
また、純収益は、永続的なものと非永続的なもの、償却前のものと償却後のもの等、総収益及び総費用の把握の仕方により異なるものであり、それぞれ収益価格を求める方法及び還元利回り又は割引率を求める方法とも密接な関連があることに留意する必要がある。
なお、直接還元法における純収益は、対象不動産の初年度の純収益を採用する場合と標準化された純収益を採用する場合があることに留意しなければならない。","","3"
"souron-7-029","souron","7","fill_blank","賃貸用不動産の総収益の求め方を述べよ","賃貸用不動産の総収益は、一般に、支払賃料に預り金的性格を有する保証金等の運用益、賃料の前払的性格を有する権利金等の運用益及び償却額並びに駐車場使用料等のその他収入を加えた額（以下「支払賃料等」という。）とする。
賃貸用不動産についてのＤＣＦ法の適用に当たっては、特に賃貸借契約の内容並びに賃料及び貸室の稼動率の毎期の変動に留意しなければならない。","","4"
"souron-7-030","souron","7","fill_blank","賃貸以外の事業の用に供する不動産の総収益の求め方を述べよ","賃貸以外の事業の用に供する不動産の総収益は、一般に、売上高とする。ただし、賃貸以外の事業の用に供する不動産であっても、不動産に帰属する部分をもとに求めた支払賃料等相当額、又は、賃貸に供することを想定することができる場合における支払賃料等をもって総収益とすることができる。","","4"
"souron-7-031","souron","7","fill_blank","還元利回り及び割引率の共通点と相違点を述べよ","還元利回り及び割引率は、共に不動産の収益性を表し、収益価格を求めるために用いるものであるが、基本的には次のような違いがある。
還元利回りは、直接還元法の収益価格及びＤＣＦ法の復帰価格の算定において、一期間の純収益から対象不動産の価格を直接求める際に使用される率であり、将来の収益に影響を与える要因の変動予測と予測に伴う不確実性を含むものである。
割引率は、ＤＣＦ法において、ある将来時点の収益を現在時点の価値に割り戻す際に使用される率であり、還元利回りに含まれる変動予測と予測に伴う不確実性のうち、収益見通しにおいて考慮された連続する複数の期間に発生する純収益や復帰価格の変動予測に係るものを除くものである。","","4"
"souron-7-032","souron","7","fill_blank","還元利回りを求める方法を4つ列挙せよ","（ア）類似の不動産の取引事例との比較から求める方法
（イ）借入金と自己資金に係る還元利回りから求める方法
（ウ）土地と建物に係る還元利回りから求める方法
（エ）割引率との関係から求める方法","","4"
"souron-7-033","souron","7","fill_blank","割引率を求める方法を3つ列挙せよ","（ア）類似の不動産の取引事例との比較から求める方法
（イ）借入金と自己資金に係る割引率から求める方法
（ウ）金融資産の利回りに不動産の個別性を加味して求める方法","","4"
"souron-7-034","souron","7","fill_blank","土地残余法の定義を述べよ","対象不動産が更地である場合において、当該土地に最有効使用の賃貸用建物等の建築を想定し、収益還元法以外の手法によって想定建物等の価格を求めることができるときは、当該想定建物及びその敷地に基づく純収益から想定建物等に帰属する純収益を控除した残余の純収益を還元利回りで還元する手法（土地残余法という。）を適用することができる。","","4"
"souron-7-035","souron","7","fill_blank","事業用不動産の定義及び例を4つ列挙せよ。","賃貸用不動産又は賃貸以外の事業の用に供する不動産のうち、その収益性が当該事業の経営の動向に強く影響を受けるもの（以下「事業用不動産」という。）を例示すれば、次のとおりである。
（ア）ホテル等の宿泊施設
（イ）ゴルフ場等のレジャー施設
（ウ）病院、有料老人ホーム等の医療・福祉施設
（エ）百貨店や多数の店舗により構成されるショッピングセンター等の商業施設","","3"
"souron-7-036","souron","7","fill_blank","賃料を求める鑑定評価の手法を述べよ。","不動産の賃料を求める鑑定評価の手法は、新規賃料にあっては積算法、賃貸事例比較法、収益分析法等があり、継続賃料にあっては差額配分法、利回り法、スライド法、賃貸事例比較法等がある。","","3"
"souron-7-037","souron","7","fill_blank","賃料を求める場合の一般的留意事項を述べよ","賃料の鑑定評価は、対象不動産について、賃料の算定の期間に対応して、実質賃料を求めることを原則とし、賃料の算定の期間及び支払いの時期に係る条件並びに権利金、敷金、保証金等の一時金の授受に関する条件が付されて支払賃料を求めることを依頼された場合には、実質賃料とともに、その一部である支払賃料を求めることができるものとする。","","4"
"souron-7-038","souron","7","fill_blank","実質賃料と支払賃料の定義を述べよ","実質賃料とは、賃料の種類の如何を問わず賃貸人等に支払われる賃料の算定の期間に対応する適正なすべての経済的対価をいい、純賃料及び必要諸経費等から成り立つものである。
支払賃料とは、各支払時期に支払われる賃料をいい、契約に当たって、権利金、敷金、保証金等の一時金が授受される場合においては、当該一時金の運用益及び償却額と併せて実質賃料を構成するものである。","","4"
"souron-7-039","souron","7","fill_blank","支払賃料の求め方を述べよ","契約に当たって一時金が授受される場合における支払賃料は、実質賃料から、当該一時金について賃料の前払的性格を有する一時金の運用益及び償却額並びに預り金的性格を有する一時金の運用益を控除して求めるものとする。なお、賃料の前払的性格を有する一時金の運用益及び償却額については、対象不動産の賃貸借等の持続する期間の効用の変化等に着目し、実態に応じて適切に求めるものとする。
運用利回りは、賃貸借等の契約に当たって授受される一時金の性格、賃貸借等の契約内容並びに対象不動産の種類及び性格等の相違に応じて、当該不動産の期待利回り、不動産の取引利回り、長期預金の金利、国債及び公社債利回り、金融機関の貸出金利等を比較考量して決定するものとする。","","4"
"souron-7-040","souron","7","fill_blank","積算法の定義を述べよ","積算法は、対象不動産について、価格時点における基礎価格を求め、これに期待利回りを乗じて得た額に必要諸経費等を加算して対象不動産の試算賃料を求める手法である（この手法による試算賃料を積算賃料という。）。
積算法は、対象不動産の基礎価格、期待利回り及び必要諸経費等の把握を的確に行い得る場合に有効である。","","5"
"souron-7-041","souron","7","fill_blank","基礎価格の定義を述べよ","基礎価格とは、積算賃料を求めるための基礎となる価格をいい、原価法及び取引事例比較法により求めるものとする。","","4"
"souron-7-042","souron","7","fill_blank","期待利回りの定義を述べよ","期待利回りとは、賃貸借等に供する不動産を取得するために要した資本に相当する額に対して期待される純収益のその資本相当額に対する割合をいう。","","2"
"souron-7-043","souron","7","fill_blank","賃貸事例比較法の定義を述べよ","賃貸事例比較法は、まず多数の新規の賃貸借等の事例を収集して適切な事例の選択を行い、これらに係る実際実質賃料（実際に支払われている不動産に係るすべての経済的対価をいう。）に必要に応じて事情補正及び時点修正を行い、かつ、地域要因の比較及び個別的要因の比較を行って求められた賃料を比較考量し、これによって対象不動産の試算賃料を求める手法である（この手法による試算賃料を比準賃料という。）。
賃貸事例比較法は、近隣地域又は同一需給圏内の類似地域等において対象不動産と類似の不動産の賃貸借等が行われている場合又は同一需給圏内の代替競争不動産の賃貸借等が行われている場合に有効である。","","5"
"souron-7-044","souron","7","fill_blank","賃貸借等の事例の収集について述べよ","賃貸借等の事例の収集及び選択については、取引事例比較法における事例の収集及び選択に準ずるものとする。この場合において、賃貸借等の契約の内容について類似性を有するものを選択すべきことに留意しなければならない。","","2"
"souron-7-045","souron","7","fill_blank","契約内容の類似性を判断する際の留意事項を7つ列挙せよ","（ア）賃貸形式
（イ）賃貸面積
（ウ）契約期間並びに経過期間及び残存期間
（エ）一時金の授受に基づく賃料内容
（オ）賃料の算定の期間及びその支払方法
（カ）修理及び現状変更に関する事項
（キ）賃貸借等に供される範囲及びその使用方法","","2"
"souron-7-046","souron","7","fill_blank","収益分析法の定義を述べよ","収益分析法は、一般の企業経営に基づく総収益を分析して対象不動産が一定期間に生み出すであろうと期待される純収益（減価償却後のものとし、これを収益純賃料という。）を求め、これに必要諸経費等を加算して対象不動産の試算賃料を求める手法である（この手法による試算賃料を収益賃料という。）。
収益分析法は、企業の用に供されている不動産に帰属する純収益を適切に求め得る場合に有効である。","","4"
"souron-7-047","souron","7","fill_blank","差額配分法の定義を述べよ","差額配分法は、対象不動産の経済価値に即応した適正な実質賃料又は支払賃料と実際実質賃料又は実際支払賃料との間に発生している差額について、契約の内容、契約締結の経緯等を総合的に勘案して、当該差額のうち賃貸人等に帰属する部分を適切に判定して得た額を実際実質賃料又は実際支払賃料に加減して試算賃料を求める手法である。","","4"
"souron-7-048","souron","7","fill_blank","利回り法の定義を述べよ","利回り法は、基礎価格に継続賃料利回りを乗じて得た額に必要諸経費等を加算して試算賃料を求める手法である。","","4"
"souron-7-049","souron","7","fill_blank","スライド法の定義を述べよ","スライド法は、直近合意時点における純賃料に変動率を乗じて得た額に価格時点における必要諸経費等を加算して試算賃料を求める手法である。
なお、直近合意時点における実際実質賃料又は実際支払賃料に即応する適切な変動率が求められる場合には、当該変動率を乗じて得た額を試算賃料として直接求めることができるものとする。","","4"
"souron-8-001","souron","8","fill_blank","総論8章における鑑定評価の手順について述べよ","鑑定評価を行うためには、合理的かつ現実的な認識と判断に基づいた一定の秩序的な手順を必要とする。この手順は、一般に鑑定評価の基本的事項の確定、依頼者、提出先等及び利害関係等の確認、処理計画の策定、対象不動産の確認、資料の収集及び整理、資料の検討及び価格形成要因の分析、鑑定評価の手法の適用、試算価格又は試算賃料の調整、鑑定評価額の決定並びに鑑定評価報告書の作成の作業から成っており、不動産の鑑定評価に当たっては、これらを秩序的に実施すべきである。","","4"
"souron-8-002","souron","8","fill_blank","対象不動産の確認について述べよ","対象不動産の確認に当たっては、第１節により確定された対象不動産についてその内容を明瞭にしなければならない。対象不動産の確認は、対象不動産の物的確認及び権利の態様の確認に分けられ、実地調査、聴聞、公的資料の確認等により、的確に行う必要がある。
Ⅰ 対象不動産の物的確認
対象不動産の物的確認に当たっては、土地についてはその所在、地番、数量等を、建物についてはこれらのほか家屋番号、建物の構造、用途等を、それぞれ実地に確認することを通じて、第１節により確定された対象不動産の存否及びその内容を、確認資料を用いて照合しなければならない。
また、物的確認を行うに当たっては、対象不動産について登記事項証明書等により登記又は登録されている内容とその実態との異同について把握する必要がある。
Ⅱ 権利の態様の確認
権利の態様の確認に当たっては、Ⅰによって物的に確認された対象不動産について、当該不動産に係るすべての権利関係を明瞭に確認することにより、第１節により確定された鑑定評価の対象となる権利の存否及びその内容を、確認資料を用いて照合しなければならない。","","2"
"souron-8-003","souron","8","fill_blank","対象不動産の権利の態様の確認に当たって原則として確認する事項を7つ列挙せよ","賃貸借契約等に係る権利の態様の確認に当たっては、原則として次に掲げる事項を確認しなければならない。
① 契約の目的
② 契約当事者
③ 契約期間
④ 契約数量
⑤ 月額支払賃料
⑥ 一時金の有無とその内容
⑦ 賃貸条件等に係る特約","","2"
"souron-8-004","souron","8","fill_blank","鑑定評価に必要な3つの資料について述べよ","Ⅰ 確認資料
確認資料とは、不動産の物的確認及び権利の態様の確認に必要な資料をいう。確認資料としては、登記事項証明書、土地又は建物等の図面、写真、不動産の所在地に関する地図等があげられる。
Ⅱ 要因資料
要因資料とは、価格形成要因に照応する資料をいう。要因資料は、一般的要因に係る一般資料、地域要因に係る地域資料及び個別的要因に係る個別資料に分けられる。一般資料及び地域資料は、平素からできるだけ広くかつ組織的に収集しておくべきである。個別資料は、対象不動産の種類、対象確定条件等案件の相違に応じて適切に収集すべきである。
Ⅲ 事例資料
事例資料とは、鑑定評価の手法の適用に必要とされる現実の取引価格、賃料等に関する資料をいう。事例資料としては、建設事例、取引事例、収益事例、賃貸借等の事例等があげられる。","","4"
"souron-8-005","souron","8","fill_blank","鑑定評価の手法の適用にあたって、努めるべきことについて述べよ","鑑定評価の手法の適用に当たっては、鑑定評価の手法を当該案件に即して適切に適用すべきである。この場合、地域分析及び個別分析により把握した対象不動産に係る市場の特性等を適切に反映した複数の鑑定評価の手法を適用すべきであり、対象不動産の種類、所在地の実情、資料の信頼性等により複数の鑑定評価の手法の適用が困難な場合においても、その考え方をできるだけ参酌するように努めるべきである。","","4"
"souron-8-006","souron","8","fill_blank","試算価格又は試算賃料の調整の定義を述べよ","試算価格又は試算賃料の調整とは、鑑定評価の複数の手法により求められた各試算価格又は試算賃料の再吟味及び各試算価格又は試算賃料が有する説得力に係る判断を行い、鑑定評価における最終判断である鑑定評価額の決定に導く作業をいう。","","4"
"souron-8-007","souron","8","fill_blank","各試算価格又は試算賃料の再吟味について留意すべき事項を6つ列挙せよ","１．資料の選択、検討及び活用の適否
２．不動産の価格に関する諸原則の当該案件に即応した活用の適否
３．一般的要因の分析並びに地域分析及び個別分析の適否
４．各手法の適用において行った各種補正、修正等に係る判断の適否
５．各手法に共通する価格形成要因に係る判断の整合性
６．単価と総額との関連の適否","","4"
"souron-8-008","souron","8","fill_blank","各試算価格又は試算賃料が有する説得力に係る判断について留意すべき事項を2点列挙せよ","１．対象不動産に係る地域分析及び個別分析の結果と各手法との適合性
２．各手法の適用において採用した資料の特性及び限界からくる相対的信頼性","","4"
"souron-9-001","souron","9","fill_blank","鑑定評価報告書の作成指針について述べよ","鑑定評価報告書は、鑑定評価の基本的事項及び鑑定評価額を表し、鑑定評価額を決定した理由を説明し、その不動産の鑑定評価に関与した不動産鑑定士の責任の所在を示すことを主旨とするものであるから、鑑定評価報告書の作成に当たっては、まずその鑑定評価の過程において採用したすべての資料を整理し、価格形成要因に関する判断、鑑定評価の手法の適用に係る判断等に関する事項を明確にして、これに基づいて作成すべきである。
鑑定評価報告書の内容は、不動産鑑定業者が依頼者に交付する鑑定評価書の実質的な内容となるものである。したがって、鑑定評価報告書は、鑑定評価書を通じて依頼者のみならず第三者に対しても影響を及ぼすものであり、さらには不動産の適正な価格の形成の基礎となるものであるから、その作成に当たっては、誤解の生ずる余地を与えないよう留意するとともに、特に鑑定評価額の決定の理由については、依頼者のみならず第三者に対して十分に説明し得るものとするように努めなければならない。","","1"
"kakuron-1-001","kakuron","1","fill_blank","開発法を適用しない場合における更地の鑑定評価額の求め方を述べよ","更地の鑑定評価額は、更地並びに配分法が適用できる場合における建物及びその敷地の取引事例に基づく比準価格並びに土地残余法による収益価格を関連づけて決定するものとする。再調達原価が把握できる場合には、積算価格をも関連づけて決定すべきである。
なお、配分法及び土地残余法を適用する場合における取引事例及び収益事例は、敷地が最有効使用の状態にあるものを採用すべきである。","","5"
"kakuron-1-002","kakuron","1","fill_blank","開発法について一体利用する場合及び分割利用を想定した場合の価格の求め方を述べよ","当該更地の面積が近隣地域の標準的な土地の面積に比べて大きい場合等においては、さらに次に掲げる価格を比較考量して決定するものとする（この手法を開発法という。）。
（１）一体利用をすることが合理的と認められるときは、価格時点において、当該更地に最有効使用の建物が建築されることを想定し、販売総額から通常の建物建築費相当額及び発注者が直接負担すべき通常の付帯費用を控除して得た価格
（２）分割利用をすることが合理的と認められるときは、価格時点において、当該更地を区画割りして、標準的な宅地とすることを想定し、販売総額から通常の造成費相当額及び発注者が直接負担すべき通常の付帯費用を控除して得た価格","","4"
"kakuron-1-003","kakuron","1","fill_blank","建付地の鑑定評価の条件に付いて述べよ","建付地は、建物等と結合して有機的にその効用を発揮しているため、建物等と密接な関連を持つものであり、したがって、建付地の鑑定評価は、建物等と一体として継続使用することが合理的である場合において、その敷地（建物等に係る敷地利用権原のほか、地役権等の使用収益を制約する権利が付着している場合にはその状態を所与とする。）について部分鑑定評価をするものである。","","4"
"kakuron-1-004","kakuron","1","fill_blank","建付地の鑑定評価額の求め方を述べよ","建付地の鑑定評価額は、更地の価格をもとに当該建付地の更地としての最有効使用との格差、更地化の難易の程度等敷地と建物等との関連性を考慮して求めた価格を標準とし、配分法に基づく比準価格及び土地残余法による収益価格を比較考量して決定するものとする。
ただし、建物及びその敷地としての価格（複合不動産価格）をもとに敷地に帰属する額を配分して求めた価格を標準として決定することもできる。","","4"
"kakuron-1-005","kakuron","1","fill_blank","借地権取引の態様を6個列挙せよ","ア 借地権が一般に有償で創設され、又は継承される地域であるか否か。
イ 借地権の取引が一般に借地権設定者以外の者を対象として行われる地域であるか否か。
ウ 堅固建物の所有を目的とする借地権の多い地域であるか否か。
エ 借地権に対する権利意識について借地権者側が強い地域であるか否か。
オ 一時金の授受が慣行化している地域であるか否か。
カ 借地権の譲渡に当たって名義書替料を一般に譲受人又は譲渡人のいずれが負担する地域であるか。","","2"
"kakuron-1-006","kakuron","1","fill_blank","借地権の態様を10個列挙せよ","ア 創設されたものか継承されたものか。
イ 地上権か賃借権か。
ウ 転借か否か。
エ 堅固の建物の所有を目的とするか、非堅固の建物の所有を目的とするか。
オ 主として居住用建物のためのものか、主として営業用建物のためのものか。
カ 契約期間の定めの有無
キ 特約条項の有無
ク 契約は書面か口頭か。
ケ 登記の有無
コ 定期借地権等（借地借家法第二章第四節に規定する定期借地権等）","","2"
"kakuron-1-007","kakuron","1","fill_blank","借地権者に帰属する経済的利益について述べよ","借地権者に帰属する経済的利益とは、土地を使用収益することによる広範な諸利益を基礎とするものであるが、特に次に掲げるものが中心となる。
ア 土地を長期間占有し、独占的に使用収益し得る借地権者の安定的利益
イ 借地権の付着している宅地の経済価値に即応した適正な賃料と実際支払賃料との乖離（賃料差額）及びその乖離の持続する期間を基礎にして成り立つ経済的利益の現在価値のうち、慣行的に取引の対象となっている部分","","4"
"kakuron-1-008","kakuron","1","fill_blank","借地権の取引慣行の成熟の程度の高い地域における借地権の鑑定評価額の求め方を述べよ","借地権の鑑定評価額は、借地権及び借地権を含む複合不動産の取引事例に基づく比準価格、土地残余法による収益価格、当該借地権の設定契約に基づく賃料差額のうち取引の対象となっている部分を還元して得た価格及び借地権取引が慣行として成熟している場合における当該地域の借地権割合により求めた価格を関連づけて決定するものとする。","","4"
"kakuron-1-009","kakuron","1","fill_blank","借地権の取引慣行の成熟の程度の高い地域における借地権の鑑定評価について、総合的に勘案する事項を9個述べよ","（ア）将来における賃料の改定の実現性とその程度
（イ）借地権の態様及び建物の残存耐用年数
（ウ）契約締結の経緯並びに経過した借地期間及び残存期間
（エ）契約に当たって授受された一時金の額及びこれに関する契約条件
（オ）将来見込まれる一時金の額及びこれに関する契約条件
（カ）借地権の取引慣行及び底地の取引利回り
（キ）当該借地権の存する土地に係る更地としての価格又は建付地としての価格
（ク）借地期間満了時の建物等に関する契約内容
（ケ）契約期間中に建物の建築及び解体が行われる場合における建物の使用収益が期待できない期間","","4"
"kakuron-1-010","kakuron","1","fill_blank","借地権の取引慣行の成熟の程度の低い地域における借地権の鑑定評価額の求め方を述べよ","借地権の鑑定評価額は、土地残余法による収益価格、当該借地権の設定契約に基づく賃料差額のうち取引の対象となっている部分を還元して得た価格及び当該借地権の存する土地に係る更地又は建付地としての価格から底地価格を控除して得た価格を関連づけて決定するものとする。","","4"
"kakuron-1-011","kakuron","1","fill_blank","借地権設定者に帰属する経済的利益について述べよ","借地権設定者に帰属する経済的利益とは、当該宅地の実際支払賃料から諸経費等を控除した部分の賃貸借等の期間に対応する経済的利益及びその期間の満了等によって復帰する経済的利益の現在価値をいう。なお、将来において一時金の授受が見込まれる場合には、当該一時金の経済的利益も借地権設定者に帰属する経済的利益を構成する場合があることに留意すべきである。","","4"
"kakuron-1-012","kakuron","1","fill_blank","底地の鑑定評価額の求め方を述べよ","底地の鑑定評価額は、実際支払賃料に基づく純収益等の現在価値の総和を求めることにより得た収益価格及び比準価格を関連づけて決定するものとする。この場合においては、（ア）から（キ）までに掲げる事項（定期借地権の付着している宅地の評価に当たっては、（ア）から（ク）までに掲げる事項）を総合的に勘案するものとする。
また、底地を当該借地権者が買い取る場合における底地の鑑定評価に当たっては、当該宅地又は建物及びその敷地が同一所有者に帰属することによる市場性の回復等に即応する経済価値の増分が生ずる場合があることに留意すべきである。","","4"
"kakuron-1-013","kakuron","1","fill_blank","宅地見込地の鑑定評価額の求め方を述べよ","宅地見込地の鑑定評価額は、比準価格及び当該宅地見込地について、価格時点において、転換後・造成後の更地を想定し、その価格から通常の造成費相当額及び発注者が直接負担すべき通常の付帯費用を控除し、その額を当該宅地見込地の熟成度に応じて適切に修正して得た価格を関連づけて決定するものとする。
また、熟成度の低い宅地見込地を鑑定評価する場合には、比準価格を標準とし、転換前の土地の種別に基づく価格に宅地となる期待性を加味して得た価格を比較考量して決定するものとする。","","3"
"kakuron-1-014","kakuron","1","fill_blank","宅地見込地の鑑定評価にあたって総合的に勘案する事項を5個列挙せよ","１．当該宅地見込地の宅地化を助長し、又は阻害している行政上の措置又は規制
２．付近における公共施設及び公益的施設の整備の動向
３．付近における住宅、店舗、工場等の建設の動向
４．造成の難易及びその必要の程度
５．造成後における宅地としての有効利用度","","2"
"kakuron-1-015","kakuron","1","fill_blank","自用の建物及びその敷地の鑑定評価額の求め方を述べよ","自用の建物及びその敷地の鑑定評価額は、積算価格、比準価格及び収益価格を関連づけて決定するものとする。","","4"
"kakuron-1-016","kakuron","1","fill_blank","自用の建物及びその敷地において用途変更又は建物を取り壊すことが最有効使用と認められる場合における鑑定評価額の求め方を述べよ","建物の用途を変更し、又は建物の構造等を改造して使用することが最有効使用と認められる場合における自用の建物及びその敷地の鑑定評価額は、用途変更等を行った後の経済価値の上昇の程度、必要とされる改造費等を考慮して決定するものとする。
また、建物を取り壊すことが最有効使用と認められる場合における自用の建物及びその敷地の鑑定評価額は、建物の解体による発生材料の価格から取壊し、除去、運搬等に必要な経費を控除した額を、当該敷地の最有効使用に基づく価格に加減して決定するものとする。","","4"
"kakuron-1-017","kakuron","1","fill_blank","貸家及びその敷地の鑑定評価額の求め方について述べよ","貸家及びその敷地の鑑定評価額は、実際実質賃料（売主が既に受領した一時金のうち売買等に当たって買主に承継されない部分がある場合には、当該部分の運用益及び償却額を含まないものとする。）に基づく純収益等の現在価値の総和を求めることにより得た収益価格を標準とし、積算価格及び比準価格を比較考量して決定するものとする。
また、貸家及びその敷地を当該借家人が買い取る場合における貸家及びその敷地の鑑定評価に当たっては、当該貸家及びその敷地が自用の建物及びその敷地となることによる市場性の回復等に即応する経済価値の増分が生ずる場合があることに留意すべきである。","","4"
"kakuron-1-018","kakuron","1","fill_blank","貸家及びその敷地の鑑定評価額を求める場合に総合的に勘案する事項を7個述べよ","１．将来における賃料の改定の実現性とその程度
２．契約に当たって授受された一時金の額及びこれに関する契約条件
３．将来見込まれる一時金の額及びこれに関する契約条件
４．契約締結の経緯、経過した借家期間及び残存期間並びに建物の残存耐用年数
５．貸家及びその敷地の取引慣行並びに取引利回り
６．借家の目的、契約の形式、登記の有無、転借か否かの別及び定期建物賃貸借か否かの別
７．借家権価格","","4"
"kakuron-1-019","kakuron","1","fill_blank","借地権付建物の鑑定評価額について、自用の場合の求め方を述べよ","借地権付建物で、当該建物を借地権者が使用しているものについての鑑定評価額は、積算価格、比準価格及び収益価格を関連づけて決定するものとする。この場合において、（ア）から（キ）までに掲げる事項（借地権が定期借地権の場合には、（ア）から（ケ）までに掲げる事項）を総合的に勘案するものとする。","","4"
"kakuron-1-020","kakuron","1","fill_blank","借地権付建物の鑑定評価額について、貸家の場合の求め方を述べよ","借地権付建物で、当該建物が賃貸されているものについての鑑定評価額は、実際実質賃料（売主が既に受領した一時金のうち売買等に当たって買主に承継されない部分がある場合には、当該部分の運用益及び償却額を含まないものとする。）に基づく純収益等の現在価値の総和を求めることにより得た収益価格を標準とし、積算価格及び比準価格を比較考量して決定するものとする。
この場合において、（ア）から（キ）までに掲げる事項（借地権が定期借地権の場合には、（ア）から（ケ）までに掲げる事項）及び貸家及びその敷地の勘案事項１．から７．までに掲げる事項を総合的に勘案するものとする。","","4"
"kakuron-1-021","kakuron","1","fill_blank","各論第3章第1節に規定する証券化対象不動産に係る鑑定評価目的の下で、投資家に示すための投資採算価値を表す価格の求め方を述べよ","この場合は、基本的に収益還元法のうちＤＣＦ法により求めた試算価格を標準とし、直接還元法による検証を行って求めた収益価格に基づき、比準価格及び積算価格による検証を行い鑑定評価額を決定する。","","4"
"kakuron-1-022","kakuron","1","fill_blank","民事再生法に基づく鑑定評価目的の下で、早期売却を前提とした価格の求め方を述べよ","この場合は、通常の市場公開期間より短い期間で売却されるという前提で、原則として比準価格と収益価格を関連づけ、積算価格による検証を行って鑑定評価額を決定する。なお、比較可能な事例資料が少ない場合は、通常の方法で正常価格を求めた上で、早期売却に伴う減価を行って鑑定評価額を求めることもできる。","","4"
"kakuron-1-023","kakuron","1","fill_blank","会社更生法または民事再生法に基づく鑑定評価目的の下で、事業の継続を前提とした価格の求め方を述べよ - コピー","この場合は、原則として事業経営に基づく純収益のうち不動産に帰属する純収益に基づく収益価格を標準とし、比準価格を比較考量の上、積算価格による検証を行って鑑定評価額を決定する。","","4"
"kakuron-2-001","kakuron","2","fill_blank","宅地の正常賃料の鑑定評価額の求め方を述べよ","宅地の正常賃料の鑑定評価額は、積算賃料、比準賃料及び配分法に準ずる方法に基づく比準賃料を関連づけて決定するものとする。この場合において、純収益を適切に求めることができるときは収益賃料を比較考量して決定するものとする。また、建物及びその敷地に係る賃貸事業に基づく純収益を適切に求めることができるときには、賃貸事業分析法（建物及びその敷地に係る賃貸事業に基づく純収益をもとに土地に帰属する部分を査定して宅地の試算賃料を求める方法）で得た宅地の試算賃料も比較考量して決定するものとする。","","4"
"kakuron-2-002","kakuron","2","fill_blank","宅地の限定賃料の鑑定評価額の求め方及び総合的に勘案すべき事項を述べよ","宅地の限定賃料の鑑定評価額は、隣接宅地の併合使用又は宅地の一部の分割使用をする当該宅地の限定価格を基礎価格として求めた積算賃料及び隣接宅地の併合使用又は宅地の一部の分割使用を前提とする賃貸借等の事例に基づく比準賃料を関連づけて決定するものとする。この場合においては、次に掲げる事項を総合的に勘案するものとする。
（１）隣接宅地の権利の態様
（２）当該事例に係る賃貸借等の契約の内容","","2"
"kakuron-2-003","kakuron","2","fill_blank","継続賃料固有の価格形成要因について述べよ","継続賃料固有の価格形成要因は、直近合意時点から価格時点までの期間における要因が中心となるが、主なものを例示すれば、次のとおりである。
（１）近隣地域若しくは同一需給圏内の類似地域等における宅地の賃料又は同一需給圏内の代替競争不動産の賃料の推移及びその改定の程度
（２）土地価格の推移
（３）公租公課の推移
（４）契約の内容及びそれに関する経緯
（５）賃貸人等又は賃借人等の近隣地域の発展に対する寄与度","","2"
"kakuron-2-004","kakuron","2","fill_blank","継続賃料の求め方を述べよ","継続中の宅地の賃貸借等の契約に基づく実際支払賃料を改定する場合の鑑定評価額は、差額配分法による賃料、利回り法による賃料、スライド法による賃料及び比準賃料を関連づけて決定するものとする。","","2"
"kakuron-2-005","kakuron","2","fill_blank","継続賃料を求める場合において、総合的に勘案する事項を9個述べよ","（１）近隣地域若しくは同一需給圏内の類似地域等における宅地の賃料又は同一需給圏内の代替競争不動産の賃料、その改定の程度及びそれらの推移
（２）土地価格の推移
（３）賃料に占める純賃料の推移
（４）底地に対する利回りの推移
（５）公租公課の推移
（６）直近合意時点及び価格時点における新規賃料と現行賃料の乖離の程度
（７）契約の内容及びそれに関する経緯
（８）契約上の経過期間及び直近合意時点から価格時点までの経過期間
（９）賃料改定の経緯","","2"
"kakuron-2-006","kakuron","2","fill_blank","建物及びその敷地の正常賃料の求め方を述べよ","建物及びその敷地の正常賃料の鑑定評価額は、積算賃料及び比準賃料を関連づけて決定するものとする。この場合において、純収益を適切に求めることができるときは収益賃料を比較考量して決定するものとする。
なお、建物及びその敷地の一部を対象とする場合の正常賃料の鑑定評価額は、当該建物及びその敷地の全体と当該部分との関連について総合的に比較考量して求めるものとする。","","2"
"kakuron-3-001","kakuron","3","fill_blank","証券化対象不動産の範囲について述べよ","この章において「証券化対象不動産」とは、次のいずれかに該当する不動産取引の目的である不動産又は不動産取引の目的となる見込みのある不動産（信託受益権に係るものを含む。）をいう。
（１）資産の流動化に関する法律に規定する資産の流動化並びに投資信託及び投資法人に関する法律に規定する投資信託に係る不動産取引並びに同法に規定する投資法人が行う不動産取引
（２）不動産特定共同事業法に規定する不動産特定共同事業契約に係る不動産取引
（３）金融商品取引法第２条第１項第５号、第９号、第１４号及び第１６号に規定する有価証券並びに同条第２項第１号、第３号及び第５号の規定により有価証券とみなされる権利の債務の履行等を主たる目的として収益又は利益を生ずる不動産取引","","3"
"kakuron-3-002","kakuron","3","fill_blank","各論3章に規定する不動産鑑定士の責務について述べよ","（１）不動産鑑定士は、証券化対象不動産の鑑定評価の依頼者のみならず広範な投資家等に重大な影響を及ぼすことを考慮するとともに、不動産鑑定評価制度に対する社会的信頼性の確保等について重要な責任を有していることを認識し、証券化対象不動産の鑑定評価の手順について常に最大限の配慮を行いつつ、鑑定評価を行わなければならない。
（２）不動産鑑定士は、証券化等が円滑に行なわれるよう配慮しつつ、鑑定評価に係る資料及び手順等を依頼者に説明し、理解を深め、かつ、協力を得るものとする。また、依頼者及び利害関係者その他の者がその内容を容易に把握・比較することができるようにするため、説明責任が十分に果たされるものとしなければならない。
（３）複数の不動産鑑定士が共同して行う場合にあっては、それぞれの不動産鑑定士の役割を明確にした上で、常に鑑定評価業務全体の情報を共有するなど密接かつ十分な連携の下、すべての不動産鑑定士が一体となって鑑定評価の業務を遂行しなければならない。","","2"
"kakuron-3-003","kakuron","3","fill_blank","各論3章に規定する処理計画の策定に当たっての確認事項を述べよ","（１）鑑定評価の依頼目的及び依頼が必要となった背景
（２）対象不動産が第１節Ⅰ（１）、（２）又は（３）のいずれに係るものであるかの別
（３）エンジニアリング・レポート、ＤＣＦ法等を適用するために必要となる資料その他の資料の主な項目及びその入手時期
（４）エンジニアリング・レポートを作成した者からの説明の有無
（５）対象不動産の内覧の実施を含めた実地調査の範囲
（６）その他処理計画の策定のために必要な事項","","2"
"kakuron-3-004","kakuron","3","fill_blank","証券化対象不動産の個別的要因の調査にあたって確認すべき事項を述べよ","証券化対象不動産の個別的要因の調査等に当たっては、依頼者（依頼者が指定した者を含む。）の立会いの下、対象不動産の内覧の実施を含めた実地調査を行うとともに、対象不動産の管理者からの聴聞等により権利関係、公法上の規制、アスベスト等の有害物質、耐震性及び増改築等の履歴等に関し鑑定評価に必要な事項を確認しなければならない。","","2"
"kakuron-3-005","kakuron","3","fill_blank","エンジニアリングレポートの取り扱いと不動産鑑定士が行う調査について述べよ","証券化対象不動産の鑑定評価に当たっては、不動産鑑定士は、依頼者に対し当該鑑定評価に際し必要なエンジニアリング・レポートの提出を求め、その内容を分析・判断した上で、鑑定評価に活用しなければならない。
ただし、エンジニアリング・レポートの提出がない場合又はその記載された内容が鑑定評価に活用する資料として不十分であると認められる場合には、エンジニアリング・レポートに代わるものとして不動産鑑定士が調査を行うなど鑑定評価を適切に行うため対応するものとし、対応した内容及びそれが適切であると判断した理由について、鑑定評価報告書に記載しなければならない。","","2"
"kakuron-3-006","kakuron","3","fill_blank","鑑定評価に必要となる専門性の高い個別的要因について8個述べよ","・公法上及び私法上の規制、制約等（法令遵守状況調査を含む。）
・修繕計画
・再調達価格
・有害な物質（アスベスト等）に係る建物環境
・土壌汚染
・地震リスク
・耐震性
・地下埋設物","","2"
"kakuron-3-007","kakuron","3","fill_blank","証券化対象不動産の鑑定評価にあたってのDCF法等の適用について述べよ","証券化対象不動産の鑑定評価における収益価格を求めるに当たっては、ＤＣＦ法を適用しなければならない。この場合において、併せて直接還元法を適用することにより検証を行うことが適切である。","","4"
"kakuron-3-008","kakuron","3","fill_blank","各論3章収益費用項目における貸室賃料収入とは？","貸室賃料収入とは、対象不動産の全部又は貸室部分について賃貸又は運営委託をすることにより経常的に得られる収入（満室想定）をいう。","","4"
"kakuron-3-009","kakuron","3","fill_blank","各論3章収益費用項目における共益費収入とは？","共益費収入とは、対象不動産の維持管理・運営において経常的に要する費用（電気・水道・ガス・地域冷暖房熱源等に要する費用を含む）のうち、共用部分に係るものとして賃借人との契約により徴収する収入（満室想定）をいう。","","4"
"kakuron-3-010","kakuron","3","fill_blank","各論3章収益費用項目における水道光熱費収入とは？","水道光熱費収入とは、対象不動産の運営において電気・水道・ガス・地域冷暖房熱源等に要する費用のうち、貸室部分に係るものとして賃借人との契約により徴収する収入（満室想定）をいう。","","4"
"kakuron-3-011","kakuron","3","fill_blank","各論3章収益費用項目における駐車場収入とは？","駐車場収入とは、対象不動産に附属する駐車場をテナント等に賃貸することによって得られる収入及び駐車場を時間貸しすることによって得られる収入をいう。","","4"
"kakuron-3-012","kakuron","3","fill_blank","各論3章収益費用項目におけるその他収入とは？","その他収入とは、その他看板、アンテナ、自動販売機等の施設設置料、礼金・更新料等の返還を要しない一時金等の収入をいう。","","4"
"kakuron-3-013","kakuron","3","fill_blank","各論3章収益費用項目における維持管理費とは？","維持管理費とは、建物・設備管理、保安警備、清掃等対象不動産の維持・管理のために経常的に要する費用をいう。","","4"
"kakuron-3-014","kakuron","3","fill_blank","各論3章収益費用項目における修繕費とは？","修繕費とは、対象不動産に係る建物、設備等の修理、改良等のために支出した金額のうち当該建物、設備等の通常の維持管理のため、又は一部がき損した建物、設備等につきその原状を回復するために経常的に要する費用をいう。","","4"
"kakuron-3-015","kakuron","3","fill_blank","各論3章収益費用項目におけるテナント募集費用とは？","テナント募集費用等とは、新規テナントの募集に際して行われる仲介業務や広告宣伝等に要する費用及びテナントの賃貸借契約の更新や再契約業務に要する費用等をいう。","","4"
"kakuron-3-016","kakuron","3","fill_blank","各論3章収益費用項目における資本的支出とは？","資本的支出とは、対象不動産に係る建物、設備等の修理、改良等のために支出した金額のうち当該建物、設備等の価値を高め、又はその耐久性を増すこととなると認められる部分に対応する支出をいう。","","4"